PRAGMA foreign_keys=OFF;
BEGIN TRANSACTION;
CREATE TABLE medium_category (
      id INTEGER PRIMARY KEY,
      label TEXT
  );
INSERT INTO medium_category VALUES(0,'0 - Miscellaneous');
INSERT INTO medium_category VALUES(1,'1 - Keyboard Instruments');
INSERT INTO medium_category VALUES(2,'2 - Bowed String Instruments');
INSERT INTO medium_category VALUES(3,'3 - Wind Instruments');
INSERT INTO medium_category VALUES(4,'4 - Plectral, Percussion, and Electric Instruments');
INSERT INTO medium_category VALUES(5,'5 - Chamber Ensembles');
INSERT INTO medium_category VALUES(6,'6 - Orchestral Ensemble');
INSERT INTO medium_category VALUES(7,'7 - Voice Solo and Solo Ensemble');
INSERT INTO medium_category VALUES(8,'8 - Choral and Solo-Choral Ensemble');
INSERT INTO medium_category VALUES(9,'9 - Dramatic Ensembles');
CREATE TABLE medium_options (
      id INTEGER PRIMARY KEY,
      value TEXT,
      label TEXT,
      category_id INTEGER,
      parent_id INTEGER,
      FOREIGN KEY (category_id) REFERENCES medium_category(id),
      FOREIGN KEY (parent_id) REFERENCES medium_options(id)
  );
INSERT INTO medium_options VALUES(1,'00','Miscellaneous collections, instrumental and vocal, several composers',0,0);
INSERT INTO medium_options VALUES(2,'01','Monuments, historical sets',0,0);
INSERT INTO medium_options VALUES(3,'04','Facsimiles',0,0);
INSERT INTO medium_options VALUES(4,'05','Collected works of one composer',0,0);
INSERT INTO medium_options VALUES(5,'11','Piano, harpsichord, clavichord, virginal, etc. (not organ)',1,1);
INSERT INTO medium_options VALUES(6,'12','Piano ensemble',1,1);
INSERT INTO medium_options VALUES(7,'15','Organ and harmonium',1,1);
INSERT INTO medium_options VALUES(8,'16','Organ ensemble',1,1);
INSERT INTO medium_options VALUES(9,'21','Violin and piano',2,2);
INSERT INTO medium_options VALUES(10,'22','Viola and piano',2,2);
INSERT INTO medium_options VALUES(11,'23','Cello and piano',2,2);
INSERT INTO medium_options VALUES(12,'24','Double bass and piano',2,2);
INSERT INTO medium_options VALUES(13,'31','Flute (piccolo, recorder) and piano',3,3);
INSERT INTO medium_options VALUES(14,'32','Oboe (English horn) and piano',3,3);
INSERT INTO medium_options VALUES(15,'33','Clarinet and piano',3,3);
INSERT INTO medium_options VALUES(16,'34','Bassoon and piano',3,3);
INSERT INTO medium_options VALUES(17,'41','Harp alone',4,4);
INSERT INTO medium_options VALUES(18,'43','Guitar',4,4);
INSERT INTO medium_options VALUES(19,'44','Banjo',4,4);
INSERT INTO medium_options VALUES(20,'46','Percussion instruments',4,4);
INSERT INTO medium_options VALUES(21,'51','Keyboard, bowed string, wind, percussion (any combination)',5,5);
INSERT INTO medium_options VALUES(22,'52','Bowed string',5,5);
INSERT INTO medium_options VALUES(23,'53','Wind',5,5);
INSERT INTO medium_options VALUES(24,'54','Plectral string with percussion',5,5);
INSERT INTO medium_options VALUES(25,'61','Full orchestra',6,6);
INSERT INTO medium_options VALUES(26,'62','String orchestra',6,6);
INSERT INTO medium_options VALUES(27,'63','Band or wind orchestra',6,6);
INSERT INTO medium_options VALUES(28,'65','Chamber orchestra',6,6);
INSERT INTO medium_options VALUES(29,'66','Soloist with Orchestra',6,6);
INSERT INTO medium_options VALUES(30,'661','Piano with orchestra',66,66);
INSERT INTO medium_options VALUES(31,'6615','Organ with orchestra',66,66);
INSERT INTO medium_options VALUES(32,'662','Violin with orchestra',66,66);
INSERT INTO medium_options VALUES(33,'6622','Viola with orchestra',66,66);
INSERT INTO medium_options VALUES(34,'6623','Cello with orchestra',66,66);
INSERT INTO medium_options VALUES(35,'6631','Flute with orchestra',66,66);
INSERT INTO medium_options VALUES(36,'6632','Oboe with orchestra',66,66);
INSERT INTO medium_options VALUES(37,'6633','Clarinet with orchestra',66,66);
INSERT INTO medium_options VALUES(38,'6634','Bassoon with orchestra',66,66);
INSERT INTO medium_options VALUES(39,'6635','Horn with orchestra',66,66);
INSERT INTO medium_options VALUES(40,'6636','Trumpet with orchestra',66,66);
INSERT INTO medium_options VALUES(41,'6637','Trombone with orchestra',66,66);
INSERT INTO medium_options VALUES(42,'66382','Tuba with orchestra',66,66);
INSERT INTO medium_options VALUES(43,'66384','Saxophone with orchestra',66,66);
INSERT INTO medium_options VALUES(44,'664','Harp with orchestra',66,66);
INSERT INTO medium_options VALUES(45,'6643','Guitar with orchestra',66,66);
INSERT INTO medium_options VALUES(46,'6646','Percussion with orchestra',66,66);
INSERT INTO medium_options VALUES(47,'665','Concerti grossi',66,66);
INSERT INTO medium_options VALUES(48,'666','Double, triple, etc. concerti with dissimilar soloists',66,66);
INSERT INTO medium_options VALUES(49,'667','Vocal soloist with orchestra',66,66);
INSERT INTO medium_options VALUES(50,'67','Special orchestral ensembles',6,6);
INSERT INTO medium_options VALUES(51,'68','Combinations with incidental chorus, with or without vocal soli',6,6);
INSERT INTO medium_options VALUES(52,'71','Secular vocal solo, accompanied by piano or other solo instrument',7,7);
INSERT INTO medium_options VALUES(53,'72','Secular vocal ensemble, accompaniment for solo instrument',7,7);
INSERT INTO medium_options VALUES(54,'75','Sacred vocal solo with single instrument accompaniment',7,7);
INSERT INTO medium_options VALUES(55,'76','Sacred vocal ensemble with single instrument accompaniment',7,7);
INSERT INTO medium_options VALUES(56,'81','Secular choral works, more than one movement',8,8);
INSERT INTO medium_options VALUES(57,'82','Single secular choruses and collections',8,8);
INSERT INTO medium_options VALUES(58,'85','Sacred choral works, more than one movement',8,8);
INSERT INTO medium_options VALUES(59,'86','Single sacred choruses and collections',8,8);
INSERT INTO medium_options VALUES(60,'91','Operas and musicals',9,9);
INSERT INTO medium_options VALUES(61,'92','Scenes, cantatas designed for stage presentation',9,9);
INSERT INTO medium_options VALUES(62,'95','Ballets',9,9);
INSERT INTO medium_options VALUES(63,'97','Incidental music to dramas, masques, pageants, pantomimes, etc.',9,9);
CREATE TABLE publisher_category (
        id INTEGER PRIMARY KEY,
        label TEXT
    );
INSERT INTO publisher_category VALUES(1,'Major Publishers');
INSERT INTO publisher_category VALUES(2,'Academic and Specialist');
INSERT INTO publisher_category VALUES(3,'Independent Publishers');
INSERT INTO publisher_category VALUES(4,'Historical and Early Music');
CREATE TABLE publisher_options (
        id INTEGER PRIMARY KEY,
        abbr TEXT,
        label TEXT,
        publisher_category_id INTEGER,
        FOREIGN KEY (publisher_category_id) REFERENCES publisher_category(id)
    );
INSERT INTO publisher_options VALUES(1,'BH','Boosey & Hawkes',1);
INSERT INTO publisher_options VALUES(2,'S','Simrock',1);
INSERT INTO publisher_options VALUES(3,'EP','Edition Peters',1);
INSERT INTO publisher_options VALUES(4,'A','Alfred Music',1);
INSERT INTO publisher_options VALUES(5,'SM','Schott Music',1);
INSERT INTO publisher_options VALUES(6,'SK','Sikorski',1);
INSERT INTO publisher_options VALUES(7,'B','Barenreiter',1);
INSERT INTO publisher_options VALUES(8,'HI','Hinshaw Music',1);
INSERT INTO publisher_options VALUES(9,'O','Oxford University Press',2);
INSERT INTO publisher_options VALUES(10,'C','Cambridge University Press',2);
INSERT INTO publisher_options VALUES(11,'W','Warner Bros. Publications',2);
INSERT INTO publisher_options VALUES(12,'BKH','Breitkopf & Härtel',2);
INSERT INTO publisher_options VALUES(13,'K','Kalmus',3);
INSERT INTO publisher_options VALUES(14,'LM','LudwigMasters',3);
INSERT INTO publisher_options VALUES(15,'E','EMI Music Publishing',3);
INSERT INTO publisher_options VALUES(16,'CF','Carl Fischer',3);
INSERT INTO publisher_options VALUES(17,'L','Lucks Music Library',3);
INSERT INTO publisher_options VALUES(18,'H','Henle',4);
INSERT INTO publisher_options VALUES(19,'D','Dover Publications',4);
INSERT INTO publisher_options VALUES(20,'KC','Kalmus Classical',4);
CREATE TABLE species_category (
        id INTEGER PRIMARY KEY,
        label TEXT
    );
INSERT INTO species_category VALUES(1,'Orchestral');
INSERT INTO species_category VALUES(2,'Concertos');
INSERT INTO species_category VALUES(3,'Chamber Music');
INSERT INTO species_category VALUES(4,'Opera');
INSERT INTO species_category VALUES(5,'Ballet');
INSERT INTO species_category VALUES(6,'Vocal and Choral');
INSERT INTO species_category VALUES(7,'Keyboard and Instrumental');
INSERT INTO species_category VALUES(8,'Miscellaneous');
CREATE TABLE species_options (
        id INTEGER PRIMARY KEY,
        abbr TEXT,
        label TEXT,
        species_category_id INTEGER,
        FOREIGN KEY (species_category_id) REFERENCES species_category(id)
    );
INSERT INTO species_options VALUES(1,'ovt','Overture',1);
INSERT INTO species_options VALUES(2,'spo','Symphonic Poem',1);
INSERT INTO species_options VALUES(3,'sym','Symphony',1);
INSERT INTO species_options VALUES(4,'sfn','Sinfonietta',1);
INSERT INTO species_options VALUES(5,'sv','Symphonic Variations',1);
INSERT INTO species_options VALUES(6,'tv','Theme and Variations',1);
INSERT INTO species_options VALUES(7,'ssu','Symphonic Suite',1);
INSERT INTO species_options VALUES(8,'con','Concerto',2);
INSERT INTO species_options VALUES(9,'cm','Chamber Music',3);
INSERT INTO species_options VALUES(10,'son','Sonata',3);
INSERT INTO species_options VALUES(11,'cs','Chamber Symphony',3);
INSERT INTO species_options VALUES(12,'opr','Opera',4);
INSERT INTO species_options VALUES(13,'obf','Opera Buffa',4);
INSERT INTO species_options VALUES(14,'ose','Opera Seria',4);
INSERT INTO species_options VALUES(15,'cmo','Comic Opera',4);
INSERT INTO species_options VALUES(16,'opt','Operetta',4);
INSERT INTO species_options VALUES(17,'bal','Ballet',5);
INSERT INTO species_options VALUES(18,'sui','Suite',6);
INSERT INTO species_options VALUES(19,'can','Cantata',6);
INSERT INTO species_options VALUES(20,'ora','Oratorio',6);
INSERT INTO species_options VALUES(21,'mas','Mass',6);
INSERT INTO species_options VALUES(22,'req','Requiem',6);
INSERT INTO species_options VALUES(23,'mad','Madrigal',6);
INSERT INTO species_options VALUES(24,'mot','Motet',6);
INSERT INTO species_options VALUES(25,'cho','Choral Music',6);
INSERT INTO species_options VALUES(26,'art','Lied / Art Song',6);
INSERT INTO species_options VALUES(27,'par','Partita',7);
INSERT INTO species_options VALUES(28,'fan','Fantasia',7);
INSERT INTO species_options VALUES(29,'cap','Capriccio',7);
INSERT INTO species_options VALUES(30,'rha','Rhapsody',7);
INSERT INTO species_options VALUES(31,'ser','Serenade',7);
INSERT INTO species_options VALUES(32,'div','Divertimento',7);
INSERT INTO species_options VALUES(33,'mar','March',7);
INSERT INTO species_options VALUES(34,'noc','Nocturne',7);
INSERT INTO species_options VALUES(35,'etu','Etude',7);
INSERT INTO species_options VALUES(36,'pre','Prelude',7);
INSERT INTO species_options VALUES(37,'fug','Fugue',7);
INSERT INTO species_options VALUES(38,'imp','Impromptu',7);
INSERT INTO species_options VALUES(39,'int','Intermezzo',7);
INSERT INTO species_options VALUES(40,'maz','Mazurka',7);
INSERT INTO species_options VALUES(41,'pol','Polonaise',7);
INSERT INTO species_options VALUES(42,'wal','Waltz',7);
INSERT INTO species_options VALUES(43,'tar','Tarantella',7);
INSERT INTO species_options VALUES(44,'bal','Ballade',7);
INSERT INTO species_options VALUES(45,'sch','Scherzo',7);
INSERT INTO species_options VALUES(46,'rom','Romance',7);
INSERT INTO species_options VALUES(47,'inc','Incidental Music',8);
INSERT INTO species_options VALUES(48,'ovf','Overture-Fantasy',8);
INSERT INTO species_options VALUES(49,'dsu','Dance Suite',8);
INSERT INTO species_options VALUES(50,'cha','Character Piece',8);
CREATE TABLE composers (
          id INTEGER PRIMARY KEY AUTOINCREMENT,
          last_name TEXT NOT NULL,
          first_name TEXT NOT NULL,
          cutter_number TEXT NOT NULL
      );
INSERT INTO composers VALUES(1,'Dall''Abaco','Evaristo Felice','A116');
INSERT INTO composers VALUES(2,'Abel','Karl Friedrich','A139');
INSERT INTO composers VALUES(3,'Absil','Jean','A164');
INSERT INTO composers VALUES(4,'Adam','Adolphe','A193');
INSERT INTO composers VALUES(5,'Adams','John Luther','A214');
INSERT INTO composers VALUES(6,'Adams','John Luther','A214');
INSERT INTO composers VALUES(7,'Adler','Samuel','A237');
INSERT INTO composers VALUES(8,'Alain','Jehan','A317');
INSERT INTO composers VALUES(9,'Albéniz','Isaac','A328');
INSERT INTO composers VALUES(10,'Albinoni','Tomaso','A336');
INSERT INTO composers VALUES(11,'Albrechtsberger','Johann Georg','A341');
INSERT INTO composers VALUES(12,'Albright','William','A342');
INSERT INTO composers VALUES(13,'Amram','David','A527');
INSERT INTO composers VALUES(14,'Amy','Gilbert','A531');
INSERT INTO composers VALUES(15,'Ancelin','Pierre','A538');
INSERT INTO composers VALUES(16,'André','Johann Anton','A555');
INSERT INTO composers VALUES(17,'Andriessen','Jurriaan','A573');
INSERT INTO composers VALUES(18,'Andriessen','Louis','A573');
INSERT INTO composers VALUES(19,'Angerer','Paul','A587');
INSERT INTO composers VALUES(20,'Antheil','George','A627');
INSERT INTO composers VALUES(21,'Apostel','Hans Erich','A645');
INSERT INTO composers VALUES(22,'Archer','Violet','A672');
INSERT INTO composers VALUES(23,'Arel','Bülent','A679');
INSERT INTO composers VALUES(24,'Arensky','Anton Stepanovich','A681');
INSERT INTO composers VALUES(25,'Argento','Dominick','A691');
INSERT INTO composers VALUES(26,'Arma','Paul','A727');
INSERT INTO composers VALUES(27,'Arne','Thomas Augustine','A748');
INSERT INTO composers VALUES(28,'Arnold','Malcolm','A757');
INSERT INTO composers VALUES(29,'Harut''yunyan','Alek''sandr Grigori','A794');
INSERT INTO composers VALUES(30,'Asia','Daniel','A832');
INSERT INTO composers VALUES(31,'Auber','Daniel Francois Esprit','A888');
INSERT INTO composers VALUES(32,'Auric','Georges','A928');
INSERT INTO composers VALUES(33,'Babbitt','Milton','B112');
INSERT INTO composers VALUES(34,'Bacewicz','Grazyna','B116');
INSERT INTO composers VALUES(35,'Bach','August Wilhelm','B1169');
INSERT INTO composers VALUES(36,'Bach','Carl Philipp Emanuel','B117');
INSERT INTO composers VALUES(37,'Bach','Georg Christoph','B1171');
INSERT INTO composers VALUES(38,'Bach','Johann Christian','B1172');
INSERT INTO composers VALUES(39,'Bach','Johann Christoph','B1173');
INSERT INTO composers VALUES(40,'Bach','Johann Christoph Friedrich','B1174');
INSERT INTO composers VALUES(41,'Bach','Jan','B1175');
INSERT INTO composers VALUES(42,'Bach','Johann Ernst','B1176');
INSERT INTO composers VALUES(43,'Bach','Johann Ludwig','B1177');
INSERT INTO composers VALUES(44,'Bach','Johann Michael','B1178');
INSERT INTO composers VALUES(45,'Bach','Johann Sebastian','B118');
INSERT INTO composers VALUES(46,'Bach','P. D. Q.','S331');
INSERT INTO composers VALUES(47,'Bach','Wilhelm Friedemann','B1185');
INSERT INTO composers VALUES(48,'Bach','Wilhelm Friedrich Ernst','B1187');
INSERT INTO composers VALUES(49,'Bach','Maria','B1189');
INSERT INTO composers VALUES(50,'Badings','Henk','B136');
INSERT INTO composers VALUES(51,'Balakirev','Milii Alekseevich','B171');
INSERT INTO composers VALUES(52,'Balay','Guillaume','B171');
INSERT INTO composers VALUES(53,'Banchieri','Adriano','B213');
INSERT INTO composers VALUES(54,'Barab','Seymour','B223');
INSERT INTO composers VALUES(55,'Barber','Samuel','B234');
INSERT INTO composers VALUES(56,'Barraud','Henry','B269');
INSERT INTO composers VALUES(57,'Bartók','Béla','B292');
INSERT INTO composers VALUES(58,'Bartolozzi','Bruno','B2922');
INSERT INTO composers VALUES(59,'Bartos','Frantisek','B293');
INSERT INTO composers VALUES(60,'Bassett','Leslie','B319');
INSERT INTO composers VALUES(61,'Baur','Jürg','B351');
INSERT INTO composers VALUES(62,'Bavicchi','John','B354');
INSERT INTO composers VALUES(63,'Bax','Arnold','B355');
INSERT INTO composers VALUES(64,'Bazelon','Irwin','B362');
INSERT INTO composers VALUES(65,'Beach','H. H. A., Mrs.','B365');
INSERT INTO composers VALUES(66,'Beber','Ambrosius','B387');
INSERT INTO composers VALUES(67,'Beckwith','John','B397');
INSERT INTO composers VALUES(68,'Beethoven','Ludwig van','B415');
INSERT INTO composers VALUES(69,'Bellini','Vincenzo','B444');
INSERT INTO composers VALUES(70,'Benda','Franz','B458');
INSERT INTO composers VALUES(71,'Benda','Georg','B458');
INSERT INTO composers VALUES(72,'Benjamin','Arthur','B468');
INSERT INTO composers VALUES(73,'Bennett','Richard Rodney','B472');
INSERT INTO composers VALUES(74,'Bentzon','Niels Viggo','B478');
INSERT INTO composers VALUES(75,'Berg','Alban','B493');
INSERT INTO composers VALUES(76,'Berger','Arthur','B496');
INSERT INTO composers VALUES(77,'Berio','Luciano','B511');
INSERT INTO composers VALUES(78,'Berkeley','Lennox','B512');
INSERT INTO composers VALUES(79,'Berkeley','Michael','B512');
INSERT INTO composers VALUES(80,'Bernhard','Christoph','B527');
INSERT INTO composers VALUES(81,'Berlin','Irving','B514');
INSERT INTO composers VALUES(82,'Berlioz','Hector','B515');
INSERT INTO composers VALUES(83,'Bernstein','Elmer','B5295');
INSERT INTO composers VALUES(84,'Bernstein','Leonard','B531');
INSERT INTO composers VALUES(85,'Berwald','Franz','B553');
INSERT INTO composers VALUES(86,'Besard','Jean Baptiste','B554');
INSERT INTO composers VALUES(87,'Biber','Heinrich Ignaz Franz','B581');
INSERT INTO composers VALUES(88,'Biber','Carl','B5815');
INSERT INTO composers VALUES(89,'Billings','William','B598');
INSERT INTO composers VALUES(90,'Binder','Christlieb Siegmund','B612');
INSERT INTO composers VALUES(91,'Binkerd','Gordon','B613');
INSERT INTO composers VALUES(92,'Birtwistle','Harrison','B619');
INSERT INTO composers VALUES(93,'Bizet','Georges','B625');
INSERT INTO composers VALUES(94,'Blank','Allan','B642');
INSERT INTO composers VALUES(95,'Bliss','Arthur','B649');
INSERT INTO composers VALUES(96,'Bloch','Ernest','B651');
INSERT INTO composers VALUES(97,'Blockx','Jan','B6515');
INSERT INTO composers VALUES(98,'Blomdahl','Karl Birger','B653');
INSERT INTO composers VALUES(99,'Blow','John','B657');
INSERT INTO composers VALUES(100,'Boatwright','Howard','B662');
INSERT INTO composers VALUES(101,'Boccherini','Luigi','B664');
INSERT INTO composers VALUES(102,'Bochsa','Robert Nicolas Charles','B6642');
INSERT INTO composers VALUES(103,'Bochsa','Charles','B6641');
INSERT INTO composers VALUES(104,'Boëllmann','Léon','B669');
INSERT INTO composers VALUES(105,'Boismortier','Joseph Bodin de','B683');
INSERT INTO composers VALUES(106,'Boito','Arrigo','B685');
INSERT INTO composers VALUES(107,'Bolcom','William','B687');
INSERT INTO composers VALUES(108,'Bonneau','Paul','B716');
INSERT INTO composers VALUES(109,'Bornefeld','Helmut','B736');
INSERT INTO composers VALUES(110,'Borodin','Aleksandr Profirevich','B736');
INSERT INTO composers VALUES(111,'Borris','Siegfried','B737');
INSERT INTO composers VALUES(112,'Bossi','Marco Enrico','B745');
INSERT INTO composers VALUES(113,'Bottesini','Giovanni','B751');
INSERT INTO composers VALUES(114,'Boulanger','Lili','B7625');
INSERT INTO composers VALUES(115,'Boulanger','Nadia','B763');
INSERT INTO composers VALUES(116,'Boulez','Pierre','B763');
INSERT INTO composers VALUES(117,'Boyce','William','B789');
INSERT INTO composers VALUES(118,'Bozza','Eugène','B793');
INSERT INTO composers VALUES(119,'Brahms','Johannes','B813');
INSERT INTO composers VALUES(120,'Bresgan','Cesar','B842');
INSERT INTO composers VALUES(121,'Bresnick','Martin','B842');
INSERT INTO composers VALUES(122,'Bréval','J. B. (Jean Baptiste)','B846');
INSERT INTO composers VALUES(123,'Bridge','Frank','B851');
INSERT INTO composers VALUES(124,'Brindle','Reginald Smith','B858');
INSERT INTO composers VALUES(125,'Britten','Benjamin','B862');
INSERT INTO composers VALUES(126,'Brouwer','Leo','B876');
INSERT INTO composers VALUES(127,'Brown','Earle','B877');
INSERT INTO composers VALUES(128,'Bruch','Max','B887');
INSERT INTO composers VALUES(129,'Bruckner','Anton','B888');
INSERT INTO composers VALUES(130,'Bryars','Gavin','B915');
INSERT INTO composers VALUES(131,'Buck','Dudley','B922');
INSERT INTO composers VALUES(132,'Buhr','Glenn','B931');
INSERT INTO composers VALUES(133,'Bull','Edvard Hagerup','H141');
INSERT INTO composers VALUES(134,'Burkhard','Willy','B959');
INSERT INTO composers VALUES(135,'Busnois','Antoine','B979');
INSERT INTO composers VALUES(136,'Busoni','Ferruccio','B979');
INSERT INTO composers VALUES(137,'Busser','Henri','B981');
INSERT INTO composers VALUES(138,'Butterworth','George','B988');
INSERT INTO composers VALUES(139,'Buxtehude','Dietrich','B991');
INSERT INTO composers VALUES(140,'Byrd','William','B995');
INSERT INTO composers VALUES(141,'Caccini','Giulio','C118');
INSERT INTO composers VALUES(142,'Cage','John','C131');
INSERT INTO composers VALUES(143,'Caldara','Antonio','C145');
INSERT INTO composers VALUES(144,'Call','Leonhard von','C156');
INSERT INTO composers VALUES(145,'Cambini','Giuseppe Maria','C175');
INSERT INTO composers VALUES(146,'Campra','André','C199');
INSERT INTO composers VALUES(147,'Capirola','Vincenzo','C243');
INSERT INTO composers VALUES(148,'Carissimi','Giacomo','C277');
INSERT INTO composers VALUES(149,'Carter','Elliott','C323');
INSERT INTO composers VALUES(150,'Carulli','Ferdinando','C329');
INSERT INTO composers VALUES(151,'Casadesus','Henri Gustave','C3435');
INSERT INTO composers VALUES(152,'Casadesus','Robert','C334');
INSERT INTO composers VALUES(153,'Casadesus','Marius','C3345');
INSERT INTO composers VALUES(154,'Casella','Alfredo','C337');
INSERT INTO composers VALUES(155,'Castelvuovo-Tedesco','Mario','C349');
INSERT INTO composers VALUES(156,'Castérède','Jacques','C3495');
INSERT INTO composers VALUES(157,'Castro','Jean de','C355');
INSERT INTO composers VALUES(158,'Castro','Juan Jose','C355');
INSERT INTO composers VALUES(159,'Castro','Washington','C3557');
INSERT INTO composers VALUES(160,'Cavalieri','Emilio de','C376');
INSERT INTO composers VALUES(161,'Cesti','Antonio','C422');
INSERT INTO composers VALUES(162,'Chabrier','Emmanuel','C429');
INSERT INTO composers VALUES(163,'Tchaikovsky','Peter Ilich','C434');
INSERT INTO composers VALUES(164,'Chaminade','Cecile','C448');
INSERT INTO composers VALUES(165,'Charpentier','Gustave','C4839');
INSERT INTO composers VALUES(166,'Charpentier','Jacques','C484');
INSERT INTO composers VALUES(167,'Charpentier','Marc-Antoine','C484');
INSERT INTO composers VALUES(168,'Chausson','Ernest','C499');
INSERT INTO composers VALUES(169,'Chávez','Carlos','C512');
INSERT INTO composers VALUES(170,'Chaynes','Charles','C512');
INSERT INTO composers VALUES(171,'Tcherepnin','Alexander','C521');
INSERT INTO composers VALUES(172,'Tcherepnine','Nicolas','C521');
INSERT INTO composers VALUES(173,'Cherubini','Luigi','C523');
INSERT INTO composers VALUES(174,'Childs','Barney','C537');
INSERT INTO composers VALUES(175,'Chopin','Frédéric','C549');
INSERT INTO composers VALUES(176,'Cimarosa','Domenico','C573');
INSERT INTO composers VALUES(177,'Clarke','Herbert L.','C5975');
INSERT INTO composers VALUES(178,'Clarke','Jeremiah','C598');
INSERT INTO composers VALUES(179,'Clementi','Muzio','C626');
INSERT INTO composers VALUES(180,'Clementi','Aldo','C626');
INSERT INTO composers VALUES(181,'Coleridge-Taylor','Samuel','C693');
INSERT INTO composers VALUES(182,'Constant','Marius','C757');
INSERT INTO composers VALUES(183,'Cooke','Arnold','C772');
INSERT INTO composers VALUES(184,'Coperario','John','C782');
INSERT INTO composers VALUES(185,'Copland','Aaron','C784');
INSERT INTO composers VALUES(186,'Cordero','Roque','C794');
INSERT INTO composers VALUES(187,'Corelli','Arcangelo','C797');
INSERT INTO composers VALUES(188,'Corigliano','John','C798');
INSERT INTO composers VALUES(189,'Corrette','Michel','C824');
INSERT INTO composers VALUES(190,'Coulthard','Jean','C855');
INSERT INTO composers VALUES(191,'Couperin','François','C856');
INSERT INTO composers VALUES(192,'Couperin','Louis','C8565');
INSERT INTO composers VALUES(193,'Cowell','Henry','C874');
INSERT INTO composers VALUES(194,'Creston','Paul','C922');
INSERT INTO composers VALUES(195,'Croft','William','C941');
INSERT INTO composers VALUES(196,'Cruft','Adrian','C955');
INSERT INTO composers VALUES(197,'Crumb','George','C956');
INSERT INTO composers VALUES(198,'Cui','César','C966');
INSERT INTO composers VALUES(199,'Czerny','Carl','C998');
INSERT INTO composers VALUES(200,'Dahl','Ingolf','D131');
INSERT INTO composers VALUES(201,'Dall''Abaco','Evaristo Felice','A116');
INSERT INTO composers VALUES(202,'Dallapiccola','Luigi','D144');
INSERT INTO composers VALUES(203,'Damase','Jean Michel','D155');
INSERT INTO composers VALUES(204,'Danzi','Franz','D199');
INSERT INTO composers VALUES(205,'David','Ferdinand','D249');
INSERT INTO composers VALUES(206,'David','Johann Nepomuk','D249');
INSERT INTO composers VALUES(207,'Davidovsky','Mario','D249');
INSERT INTO composers VALUES(208,'Davies','Peter Maxwell','D257');
INSERT INTO composers VALUES(209,'Debussy','Claude','D289');
INSERT INTO composers VALUES(210,'Defaye','Jean Michel','D312');
INSERT INTO composers VALUES(211,'De Filippi','Amedeo','D313');
INSERT INTO composers VALUES(212,'Delibes','Leo','D353');
INSERT INTO composers VALUES(213,'Delius','Frederick','D355');
INSERT INTO composers VALUES(214,'Dello Joio','Norman','D358');
INSERT INTO composers VALUES(215,'Del Tredici','David','D366');
INSERT INTO composers VALUES(216,'Denisov','Edison Vasil''evich','D396');
INSERT INTO composers VALUES(217,'des Prez','Josquin','J83');
INSERT INTO composers VALUES(218,'Diabelli','Anton','D536');
INSERT INTO composers VALUES(219,'Diamond','David','D537');
INSERT INTO composers VALUES(220,'Diemer','Emma Lou','D561');
INSERT INTO composers VALUES(221,'Diémer','Louis','D5615');
INSERT INTO composers VALUES(222,'D''India','Sigismondo','I39');
INSERT INTO composers VALUES(223,'Distler','Hugo','D614');
INSERT INTO composers VALUES(224,'Dittersdorf','Karl Ditters von','D617');
INSERT INTO composers VALUES(225,'Dodgson','Stephen','D645');
INSERT INTO composers VALUES(226,'Dohnányi','Erno','D656');
INSERT INTO composers VALUES(227,'Donizetti','Gaetano','D683');
INSERT INTO composers VALUES(228,'Donovan','Richard','D687');
INSERT INTO composers VALUES(229,'Doppler','Franz','D692');
INSERT INTO composers VALUES(230,'Dowland','John','D747');
INSERT INTO composers VALUES(231,'Dowland','Robert','D7475');
INSERT INTO composers VALUES(232,'Dragonetti','Domenico','D759');
INSERT INTO composers VALUES(233,'Druckman','Jacob','D784');
INSERT INTO composers VALUES(234,'Dubois','Pierre Max','D816');
INSERT INTO composers VALUES(235,'Dufay','Guillaume','D854');
INSERT INTO composers VALUES(236,'Dukas','Paul','D877');
INSERT INTO composers VALUES(237,'Durey','Louis','D957');
INSERT INTO composers VALUES(238,'Duruflé','Maurice','D967');
INSERT INTO composers VALUES(239,'Dussek','Johann Ladislaus','D974');
INSERT INTO composers VALUES(240,'Dutilleux','Henri','D976');
INSERT INTO composers VALUES(241,'Dvorak','Antonín','D988');
INSERT INTO composers VALUES(242,'Dyens','Roland','D995');
INSERT INTO composers VALUES(243,'Eben','Petr','E15');
INSERT INTO composers VALUES(244,'Ebenhöh','Horst','E15');
INSERT INTO composers VALUES(245,'Eberl','Anton','E16');
INSERT INTO composers VALUES(246,'Eckhardt-Gramatté','S. C. (Sophie-Carmen)','E19');
INSERT INTO composers VALUES(247,'Eder','Helmut','E22');
INSERT INTO composers VALUES(248,'Egge','Klaus','E284');
INSERT INTO composers VALUES(249,'Egk','Werner','E29');
INSERT INTO composers VALUES(250,'Einem','Gottfried von','E35');
INSERT INTO composers VALUES(251,'Eisler','Hanns','E36');
INSERT INTO composers VALUES(252,'Elgar','Edward','E41');
INSERT INTO composers VALUES(253,'Eliasson','Anders','E42');
INSERT INTO composers VALUES(254,'Ellington','Duke','E46');
INSERT INTO composers VALUES(255,'Enesco','Georges','E56');
INSERT INTO composers VALUES(256,'Erb','Donald','E65');
INSERT INTO composers VALUES(257,'Erbach','Christian','E651');
INSERT INTO composers VALUES(258,'Erbse','Heimo','E652');
INSERT INTO composers VALUES(259,'Erlebach','Philipp Heinrich','E69');
INSERT INTO composers VALUES(260,'Escher','Peter','E74');
INSERT INTO composers VALUES(261,'Eshpai','Andrei IAkovlevich','E75');
INSERT INTO composers VALUES(262,'Etler','Alvin','E84');
INSERT INTO composers VALUES(263,'Falla','Manuel de','F194');
INSERT INTO composers VALUES(264,'Fasch','Johann Friedrich','F248');
INSERT INTO composers VALUES(265,'Fauré','Gabriel','F265');
INSERT INTO composers VALUES(266,'Feld','Jindrich','F312');
INSERT INTO composers VALUES(267,'Feldman','Morton','F312');
INSERT INTO composers VALUES(268,'Ferrabosco','Alfonso','F3675');
INSERT INTO composers VALUES(269,'Ferrabosco','Alfonso','F368');
INSERT INTO composers VALUES(270,'Fesch','Willem de','F413');
INSERT INTO composers VALUES(271,'Fiala','Joseph','F438');
INSERT INTO composers VALUES(272,'Field','John','F454');
INSERT INTO composers VALUES(273,'Fine','Irving','F495');
INSERT INTO composers VALUES(274,'Fine','Vivian','F495');
INSERT INTO composers VALUES(275,'Finger','Godfrey','F497');
INSERT INTO composers VALUES(276,'Finney','Ross Lee','F514');
INSERT INTO composers VALUES(277,'Finzi','Gerald','F516');
INSERT INTO composers VALUES(278,'Fischer','Johann Christian','F5285');
INSERT INTO composers VALUES(279,'Fischer','Johann','F529');
INSERT INTO composers VALUES(280,'Fischer','Johann Kaspar Ferdinand','F529');
INSERT INTO composers VALUES(281,'Fischer','Michael Gotthard','F529');
INSERT INTO composers VALUES(282,'Foote','Arthur','F688');
INSERT INTO composers VALUES(283,'Fortner','Wolfgang','F743');
INSERT INTO composers VALUES(284,'Foss','Lukas','F751');
INSERT INTO composers VALUES(285,'Foster','Stephen Collins','F757');
INSERT INTO composers VALUES(286,'Foulds','John','F767');
INSERT INTO composers VALUES(287,'Frackenpohl','Arthur','F798');
INSERT INTO composers VALUES(288,'Françaix','Jean','F814');
INSERT INTO composers VALUES(289,'Franck','César','F822');
INSERT INTO composers VALUES(290,'Frederick, II, King of Denmark and Norway','','F911');
INSERT INTO composers VALUES(291,'Frescobaldi','Girolamo','F884');
INSERT INTO composers VALUES(292,'Fricker','Peter Racine','F897');
INSERT INTO composers VALUES(293,'Froberger','Johann Jacob','F922');
INSERT INTO composers VALUES(294,'Fuleihan','Anis','F962');
INSERT INTO composers VALUES(295,'Fux','Johann Joseph','F996');
INSERT INTO composers VALUES(296,'Gabrieli','Andrea','G1178');
INSERT INTO composers VALUES(297,'Gabrielli','Domenico','G1179');
INSERT INTO composers VALUES(298,'Gabrieli','Giovanni','G118');
INSERT INTO composers VALUES(299,'Gade','Niels W. (Niels Wilhelm)','G124');
INSERT INTO composers VALUES(300,'Gal','Hans','G146');
INSERT INTO composers VALUES(301,'Galliard','John Ernest','G168');
INSERT INTO composers VALUES(302,'Galuppi','Baldassare','G181');
INSERT INTO composers VALUES(303,'Gassmann','Florian Leopold','G253');
INSERT INTO composers VALUES(304,'Gaultier','Denis','G269');
INSERT INTO composers VALUES(305,'Geminiani','Francesco','G322');
INSERT INTO composers VALUES(306,'Genzmer','Harald','G341');
INSERT INTO composers VALUES(307,'Gerhard','Roberto','G368');
INSERT INTO composers VALUES(308,'Gershwin','George','G381');
INSERT INTO composers VALUES(309,'Ghedini','Giorgio Federico','G411');
INSERT INTO composers VALUES(310,'Ghirlandaio','Domenico','G425');
INSERT INTO composers VALUES(311,'Ginastera','Alberto','G492');
INSERT INTO composers VALUES(312,'Giuliani','Mauro','G537');
INSERT INTO composers VALUES(313,'Glazunov','Aleksandr Konstantinovich','G553');
INSERT INTO composers VALUES(314,'Glière','Reinhold Moritsevich','G559');
INSERT INTO composers VALUES(315,'Glinka','M. I. (Mikhail Ivanovich)','G561');
INSERT INTO composers VALUES(316,'Globokar','Vinko','G562');
INSERT INTO composers VALUES(317,'Gluck','Christoph Willibald, Ritter von','G567');
INSERT INTO composers VALUES(318,'Godard','Benjamin','G577');
INSERT INTO composers VALUES(319,'Goehr','Alexander','G594');
INSERT INTO composers VALUES(320,'Goldmark','Carl','G619');
INSERT INTO composers VALUES(321,'Górecki','Henryk Mikołaj','G666');
INSERT INTO composers VALUES(322,'Gottschalk','Louis Moreau','G687');
INSERT INTO composers VALUES(323,'Gould','Morton','G697');
INSERT INTO composers VALUES(324,'Gounod','Charles','G711');
INSERT INTO composers VALUES(325,'Grainger','Percy','G743');
INSERT INTO composers VALUES(326,'Granados','Enrique','G748');
INSERT INTO composers VALUES(327,'Graun','Johann Gottlieb','G774');
INSERT INTO composers VALUES(328,'Graupner','Christoph','G774');
INSERT INTO composers VALUES(329,'Grechaninov','Aleksandr Tikhonovich','G789');
INSERT INTO composers VALUES(330,'Grétry','André-Ernest-Modeste','G834');
INSERT INTO composers VALUES(331,'Grieg','Edvard','G848');
INSERT INTO composers VALUES(332,'Griffes','Charles Tomlinson','G849');
INSERT INTO composers VALUES(333,'Gubaidulina','Sofia','G921');
INSERT INTO composers VALUES(334,'Guillaume','de Machaut','G957');
INSERT INTO composers VALUES(335,'Guillou','Jean','G961');
INSERT INTO composers VALUES(336,'Guilmant','Alexandre','G962');
INSERT INTO composers VALUES(337,'Hába','Alois','H113');
INSERT INTO composers VALUES(338,'Hagerup Bull','Edvard','H141');
INSERT INTO composers VALUES(339,'Hahn','Reynaldo','H148');
INSERT INTO composers VALUES(340,'Handel','George Frideric','H135');
INSERT INTO composers VALUES(341,'Hakim','Naji','H155');
INSERT INTO composers VALUES(342,'Halffter','Cristóbal','H169');
INSERT INTO composers VALUES(343,'Hamilton','Iain','H218');
INSERT INTO composers VALUES(344,'Handel','George Frideric','H135');
INSERT INTO composers VALUES(345,'Harbison','John','H255');
INSERT INTO composers VALUES(346,'Harris','Roy','H315');
INSERT INTO composers VALUES(347,'Harrison','Lou','H319');
INSERT INTO composers VALUES(348,'Hartley','Walter S. (Walter Sinclair)','H332');
INSERT INTO composers VALUES(349,'Hartmann','Karl Amadeus','H333');
INSERT INTO composers VALUES(350,'Hartzell','Eugene','H338');
INSERT INTO composers VALUES(351,'Hába','Alois','H113');
INSERT INTO composers VALUES(352,'Hagerup Bull','Edvard','H141');
INSERT INTO composers VALUES(353,'Hahn','Reynaldo','H148');
INSERT INTO composers VALUES(354,'Handel','George Frideric','H135');
INSERT INTO composers VALUES(355,'Hakim','Naji','H155');
INSERT INTO composers VALUES(356,'Halffter','Cristóbal','H169');
INSERT INTO composers VALUES(357,'Hamilton','Iain','H218');
INSERT INTO composers VALUES(358,'Handel','George Frideric','H135');
INSERT INTO composers VALUES(359,'Harbison','John','H255');
INSERT INTO composers VALUES(360,'Harris','Roy','H315');
INSERT INTO composers VALUES(361,'Harrison','Lou','H319');
INSERT INTO composers VALUES(362,'Hartley','Walter S. (Walter Sinclair)','H332');
INSERT INTO composers VALUES(363,'Hartmann','Karl Amadeus','H333');
INSERT INTO composers VALUES(364,'Hartzell','Eugene','H338');
INSERT INTO composers VALUES(365,'Harut''yunyan','Alek''sandr Grigori','H338');
INSERT INTO composers VALUES(366,'Hasse','Johann Adolf','H354');
INSERT INTO composers VALUES(367,'Haubenstock-Ramati','Roman','H368');
INSERT INTO composers VALUES(368,'Hauer','Josef Matthias','H3685');
INSERT INTO composers VALUES(369,'Haufrecht','Herbert','H369');
INSERT INTO composers VALUES(370,'Haydn','Joseph','H415');
INSERT INTO composers VALUES(371,'Haydn','Michael','H4155');
INSERT INTO composers VALUES(372,'Healey','Derek','H434');
INSERT INTO composers VALUES(373,'Heiden','Bernhard','H465');
INSERT INTO composers VALUES(374,'Heider','Werner','H465');
INSERT INTO composers VALUES(375,'Heiller','Anton','H466');
INSERT INTO composers VALUES(376,'Heinichen','Johann David','H468');
INSERT INTO composers VALUES(377,'Hensel','Fanny Mendelssohn','H526');
INSERT INTO composers VALUES(378,'Henze','Hans Werner','H528');
INSERT INTO composers VALUES(379,'Herbert','Victor','H537');
INSERT INTO composers VALUES(380,'Warlock','Peter','H584');
INSERT INTO composers VALUES(381,'Hétu','Jacques','H591');
INSERT INTO composers VALUES(382,'Hidas','Frigyes','H632');
INSERT INTO composers VALUES(383,'Hiller','Lejaren','H652');
INSERT INTO composers VALUES(384,'Hindemith','Paul','H662');
INSERT INTO composers VALUES(385,'Hoddinott','Alun','H687');
INSERT INTO composers VALUES(386,'Hoffmeister','Franz Anton','H711');
INSERT INTO composers VALUES(387,'Hoffstetter','Roman','H711');
INSERT INTO composers VALUES(388,'Hofmann','Josef','H713');
INSERT INTO composers VALUES(389,'Hofmann','Leopold','H713');
INSERT INTO composers VALUES(390,'Hofmann','Richard','H713');
INSERT INTO composers VALUES(391,'Holborne','Anthony','H723');
INSERT INTO composers VALUES(392,'Holm','Peder','H7471');
INSERT INTO composers VALUES(393,'Holmboe','Vagn','H747');
INSERT INTO composers VALUES(394,'Holst','Gustav','H756');
INSERT INTO composers VALUES(395,'Honegger','Arthur','H772');
INSERT INTO composers VALUES(396,'Hook','Mr. (James)','H781');
INSERT INTO composers VALUES(397,'Hovhaness','Alan','H846');
INSERT INTO composers VALUES(398,'Howells','Herbert','H859');
INSERT INTO composers VALUES(399,'Hummel','Bertold','H925');
INSERT INTO composers VALUES(400,'Hummel','Johann Nepomuk','H925');
INSERT INTO composers VALUES(401,'Humperdinck','Engelbert','H926');
INSERT INTO composers VALUES(402,'Husa','Karel','H968');
INSERT INTO composers VALUES(403,'Ibert','Jacques','I12');
INSERT INTO composers VALUES(404,'Imbrie','Andrew','I32');
INSERT INTO composers VALUES(405,'Ibert','Jacques','I12');
INSERT INTO composers VALUES(406,'Imbrie','Andrew','I32');
INSERT INTO composers VALUES(407,'India','Sigismondo d''','I39');
INSERT INTO composers VALUES(408,'Indy','Vincent d''','I42');
INSERT INTO composers VALUES(409,'Ippolitov-Ivanov','Mikhail Mikhailovich','I64');
INSERT INTO composers VALUES(410,'Isaac','Heinrich','I73');
INSERT INTO composers VALUES(411,'Ives','Charles','I95');
INSERT INTO composers VALUES(412,'Jacob','Gordon','J15,J16');
INSERT INTO composers VALUES(413,'Janacek','Leos','J331');
INSERT INTO composers VALUES(414,'Janequin','Clément','J332');
INSERT INTO composers VALUES(415,'Janitsch','Johann Gottlieb','J330');
INSERT INTO composers VALUES(416,'Jaques-Dalcroze','Émile','J36');
INSERT INTO composers VALUES(417,'Jenkins','John','J52');
INSERT INTO composers VALUES(418,'Joachim','Joseph','J62');
INSERT INTO composers VALUES(419,'Johnson','Tom','J69');
INSERT INTO composers VALUES(420,'Jolas','Betsy','J75');
INSERT INTO composers VALUES(421,'Jolivet','André','J751');
INSERT INTO composers VALUES(422,'Jommelli','Nicolò','J755');
INSERT INTO composers VALUES(423,'Jongen','Joseph','J79');
INSERT INTO composers VALUES(424,'Joplin','Scott','J81');
INSERT INTO composers VALUES(425,'Josquin des Prez','','J83');
INSERT INTO composers VALUES(426,'Joubert','John','J86');
INSERT INTO composers VALUES(427,'Joubert','Claude-Henry','J86');
INSERT INTO composers VALUES(428,'Junge','Helge','J95');
INSERT INTO composers VALUES(429,'Kabalevsky','Dmitry Borisovich','K11');
INSERT INTO composers VALUES(430,'Kadosa','Pál','K113');
INSERT INTO composers VALUES(431,'Kagel','Mauricio','K115');
INSERT INTO composers VALUES(432,'Kahn','Erich Itor','K12');
INSERT INTO composers VALUES(433,'Kalinnikov','Vasilii','K146');
INSERT INTO composers VALUES(434,'Kapsperger','Giovanni Girolamo','K17');
INSERT INTO composers VALUES(435,'Kapustin','Nikolaĭ','K175');
INSERT INTO composers VALUES(436,'Karg-Elert','Sigfrid','K18');
INSERT INTO composers VALUES(437,'Kay','Ulysses','K23');
INSERT INTO composers VALUES(438,'Kelterborn','Rudolf','K293');
INSERT INTO composers VALUES(439,'Kennan','Kent','K34');
INSERT INTO composers VALUES(440,'Khachaturian','Aram','K45');
INSERT INTO composers VALUES(441,'Khachaturian','Karen','K454');
INSERT INTO composers VALUES(442,'Kilar','Wojciech','K48');
INSERT INTO composers VALUES(443,'Killmayer','Wilhelm','K475');
INSERT INTO composers VALUES(444,'Kirchner','Leon','K58');
INSERT INTO composers VALUES(445,'Kirchner','Theodor','K585');
INSERT INTO composers VALUES(446,'Kirnberger','Johann Philipp','K595');
INSERT INTO composers VALUES(447,'Kittel','Johann Christian','K62');
INSERT INTO composers VALUES(448,'Knecht','Justin Heinrich','K68');
INSERT INTO composers VALUES(449,'Knussen','Oliver','K74');
INSERT INTO composers VALUES(450,'Kodály','Zoltán','K76');
INSERT INTO composers VALUES(451,'Koechlin','Charles','K77');
INSERT INTO composers VALUES(452,'Koetsier','Jan','K78');
INSERT INTO composers VALUES(453,'Kohn','Karl','K785');
INSERT INTO composers VALUES(454,'Kolb','Barbara','K81');
INSERT INTO composers VALUES(455,'Korn','Peter Jona','K84');
INSERT INTO composers VALUES(456,'Korngold','Erich Wolfgang','K83');
INSERT INTO composers VALUES(457,'Kozeluch','Leopold','K88');
INSERT INTO composers VALUES(458,'Kraft','Leo','K85');
INSERT INTO composers VALUES(459,'Kraft','William','K895');
INSERT INTO composers VALUES(460,'Kraus','Joseph Martin','K899');
INSERT INTO composers VALUES(461,'Krieger','Johann','K918');
INSERT INTO composers VALUES(462,'Krebs','Johann Ludwig','K92');
INSERT INTO composers VALUES(463,'Krenek','Ernst','K92');
INSERT INTO composers VALUES(464,'Kreisler','Fritz','K92');
INSERT INTO composers VALUES(465,'Kreutzer','Conradin','K92');
INSERT INTO composers VALUES(466,'Kreutzer','Rodolphe','K92');
INSERT INTO composers VALUES(467,'Krommer','Franz','K93');
INSERT INTO composers VALUES(468,'Krol','Bernhard','K93');
INSERT INTO composers VALUES(469,'Kropfreiter','Augustinus Franz','K94');
INSERT INTO composers VALUES(470,'Krouse','Ian','K935');
INSERT INTO composers VALUES(471,'Kubik','Gail','K95');
INSERT INTO composers VALUES(472,'Kuffner','Joseph','K96');
INSERT INTO composers VALUES(473,'Kuhlau','Friedrich','K96');
INSERT INTO composers VALUES(474,'Kummer','Friedrich August','K968');
INSERT INTO composers VALUES(475,'Kupferman','Meyer','K96');
INSERT INTO composers VALUES(476,'Kurtág','György','K967');
INSERT INTO composers VALUES(477,'Lachenmann','Helmut','L137');
INSERT INTO composers VALUES(478,'Lachner','Franz','L138');
INSERT INTO composers VALUES(479,'Lachner','Franz','L139');
INSERT INTO composers VALUES(480,'Laderman','Ezra','L154');
INSERT INTO composers VALUES(481,'Lalo','Edouard','L212');
INSERT INTO composers VALUES(482,'Lambro','Phillip','L226');
INSERT INTO composers VALUES(483,'Lambro','Phillip','L266');
INSERT INTO composers VALUES(484,'La Montaine','John','L234');
INSERT INTO composers VALUES(485,'Langlais','Jean','L282');
INSERT INTO composers VALUES(486,'Larsson','Lars-Erik','L334');
INSERT INTO composers VALUES(487,'Lasso','Orlando di','L348');
INSERT INTO composers VALUES(488,'Lazarof','Henri','L431');
INSERT INTO composers VALUES(489,'Lechner','Leonhard','L459');
INSERT INTO composers VALUES(490,'Lees','Benjamin','L487');
INSERT INTO composers VALUES(491,'Leighton','Kenneth','L529');
INSERT INTO composers VALUES(492,'Le Jeune','Claude','L534');
INSERT INTO composers VALUES(493,'Lemare','Edwin H. (Edwin Henry)','L548');
INSERT INTO composers VALUES(494,'Leoncavallo','Ruggiero','L582');
INSERT INTO composers VALUES(495,'Lesur','Daniel','L644');
INSERT INTO composers VALUES(496,'Levy','Frank','L668');
INSERT INTO composers VALUES(497,'Lewis','Robert Hall','L675');
INSERT INTO composers VALUES(498,'Lewis','Peter Scott','L675');
INSERT INTO composers VALUES(499,'Liapunov','S. M. (Sergei Mikhailovich)','L693');
INSERT INTO composers VALUES(500,'Liadow','Anatole','L981');
INSERT INTO composers VALUES(501,'Lyadov','Anatoly Konstantinovich','L981');
INSERT INTO composers VALUES(502,'Liebermann','Lowell','L716');
INSERT INTO composers VALUES(503,'Liebermann','Rolf','L716');
INSERT INTO composers VALUES(504,'Lieberson','Goddard','L716');
INSERT INTO composers VALUES(505,'Lieberson','Peter','L7168');
INSERT INTO composers VALUES(506,'Ligeti','György','L723');
INSERT INTO composers VALUES(507,'Lipatti','Dinu','L764');
INSERT INTO composers VALUES(508,'Liszt','Franz','L774');
INSERT INTO composers VALUES(509,'Litaize','Gaston','L775');
INSERT INTO composers VALUES(510,'Lloyd Webber','Andrew','L793');
INSERT INTO composers VALUES(511,'Lloyd Webber','William','L793');
INSERT INTO composers VALUES(512,'Locatelli','Pietro Antonio','L811');
INSERT INTO composers VALUES(513,'Locke','Matthew','L814');
INSERT INTO composers VALUES(514,'Lockwood','Normand','L817');
INSERT INTO composers VALUES(515,'Loeffler','Charles Martin','L825');
INSERT INTO composers VALUES(516,'Loeillet','Jacques','L8251');
INSERT INTO composers VALUES(517,'Loeillet','Jean Baptiste','L8252');
INSERT INTO composers VALUES(518,'Loeillet','John','L8253');
INSERT INTO composers VALUES(519,'Loesser','Frank','L826');
INSERT INTO composers VALUES(520,'Loewe','Frederick','L827');
INSERT INTO composers VALUES(521,'Loos','Armin','L863');
INSERT INTO composers VALUES(522,'Lortzing','Albert','L878');
INSERT INTO composers VALUES(523,'Luening','Otto','L948');
INSERT INTO composers VALUES(524,'Lully','Jean-Baptiste','L956');
INSERT INTO composers VALUES(525,'Lutoslawski','Witold','L974');
INSERT INTO composers VALUES(526,'Lutyens','Elisabeth','Lutyens');
INSERT INTO composers VALUES(527,'Lyadov','Anatoly Konstantinovich','L981');
INSERT INTO composers VALUES(528,'McCabe','John','M121');
INSERT INTO composers VALUES(529,'MacDowell','Edward','M138');
INSERT INTO composers VALUES(530,'Maconchy','Elizabeth','M171');
INSERT INTO composers VALUES(531,'Maderna','Bruno','M181');
INSERT INTO composers VALUES(532,'Mahler','Gustav','M214');
INSERT INTO composers VALUES(533,'Maleingreau','Paul de','M245');
INSERT INTO composers VALUES(534,'Malipiero','Gian Francesco','M251');
INSERT INTO composers VALUES(535,'Malipiero','Riccardo','M251');
INSERT INTO composers VALUES(536,'Mamlok','Ursula','M265');
INSERT INTO composers VALUES(537,'Mannino','Franco','M284');
INSERT INTO composers VALUES(538,'Marenzio','Luca','M324');
INSERT INTO composers VALUES(539,'Martin','Frank','M379');
INSERT INTO composers VALUES(540,'Martini','Giovanni Battista','M386');
INSERT INTO composers VALUES(541,'Martino','Donald','M3855');
INSERT INTO composers VALUES(542,'Martinon','Jean','M3855');
INSERT INTO composers VALUES(543,'Martinu','Bohuslav','M3865');
INSERT INTO composers VALUES(544,'Mason','Lowell','M41');
INSERT INTO composers VALUES(545,'Massenet','Jules','M415');
INSERT INTO composers VALUES(546,'Mathias','William','M431');
INSERT INTO composers VALUES(547,'Matthews','Colin','M438');
INSERT INTO composers VALUES(548,'Matthews','David','M4385');
INSERT INTO composers VALUES(549,'Maw','Nicholas','M462');
INSERT INTO composers VALUES(550,'Mayr','Giovanni Simone','M474');
INSERT INTO composers VALUES(551,'Medtner','Nikolay Karlovich','M492');
INSERT INTO composers VALUES(552,'Mendelssohn','Arnold','M5365');
INSERT INTO composers VALUES(553,'Mendelssohn-Bartholdy','Felix','M537');
INSERT INTO composers VALUES(554,'Menotti','Gian Carlo','M5475');
INSERT INTO composers VALUES(555,'Messiaen','Olivier','M585');
INSERT INTO composers VALUES(556,'Meyerbeer','Giacomo','M613');
INSERT INTO composers VALUES(557,'Migot','Georges','M636');
INSERT INTO composers VALUES(558,'Mihalovici','Marcel','M6365');
INSERT INTO composers VALUES(559,'Milán','Luis','M637');
INSERT INTO composers VALUES(560,'Milhaud','Darius','M6445');
INSERT INTO composers VALUES(561,'Molter','Johann Melchior','M729');
INSERT INTO composers VALUES(562,'Monteverdi','Claudio','M782');
INSERT INTO composers VALUES(563,'Moore','Douglas','M821');
INSERT INTO composers VALUES(564,'Moravec','Paul','M831');
INSERT INTO composers VALUES(565,'Morawetz','Oskar','M831');
INSERT INTO composers VALUES(566,'Moszkowski','Moritz','M916');
INSERT INTO composers VALUES(567,'Mouret','Jean-Joseph','M931');
INSERT INTO composers VALUES(568,'Mozart','Wolfgang Amadeus','M939');
INSERT INTO composers VALUES(569,'Mozart','Leopold','M9395');
INSERT INTO composers VALUES(570,'Muczynski','Robert','M942');
INSERT INTO composers VALUES(571,'Müller-Zürich','Paul','M947');
INSERT INTO composers VALUES(572,'Mulsant','Florentine','M961');
INSERT INTO composers VALUES(573,'Musgrave','Thea','M986');
INSERT INTO composers VALUES(574,'Mussorgsky','Modest Petrovich','M987');
INSERT INTO composers VALUES(575,'Nancarrow','Conlon','N176');
INSERT INTO composers VALUES(576,'Nardini','Pietro','N224');
INSERT INTO composers VALUES(577,'Naumann','Johann Gottlieb','N311');
INSERT INTO composers VALUES(578,'Nelhybel','Vaclav','N419');
INSERT INTO composers VALUES(579,'Neukomm','Sigismund','N486');
INSERT INTO composers VALUES(580,'Nicolai','Otto','N636');
INSERT INTO composers VALUES(581,'Nielsen','Carl','N669');
INSERT INTO composers VALUES(582,'Nilsson','Bo','N7128');
INSERT INTO composers VALUES(583,'Nobre','Marlos','N754');
INSERT INTO composers VALUES(584,'Nono','Luigi','N813');
INSERT INTO composers VALUES(585,'Nørgard','Per','N769');
INSERT INTO composers VALUES(586,'Nyman','Michael','N996');
INSERT INTO composers VALUES(587,'Nystedt','Knut','N998');
INSERT INTO composers VALUES(588,'Ockeghem','Johannes','O16');
INSERT INTO composers VALUES(589,'Offenbach','Jacques','O32');
INSERT INTO composers VALUES(590,'Ohana','Maurice','O36');
INSERT INTO composers VALUES(591,'Orff','Carl','O67');
INSERT INTO composers VALUES(592,'Orrego Salas','Juan','O75');
INSERT INTO composers VALUES(593,'Ourkouzounov','Atanas','O935');
INSERT INTO composers VALUES(594,'Pachelbel','Johan','P116');
INSERT INTO composers VALUES(595,'Paderewski','Ignace Jan','P123');
INSERT INTO composers VALUES(596,'Pärt','Arvo','P126');
INSERT INTO composers VALUES(597,'Paganini','Nicolò','P129');
INSERT INTO composers VALUES(598,'Paisiello','Giovanni','P149');
INSERT INTO composers VALUES(599,'Palestrina','Giovanni Pierluigi da','P157');
INSERT INTO composers VALUES(600,'Parker','Horatio','P239');
INSERT INTO composers VALUES(601,'Pasatieri','Thomas','P277');
INSERT INTO composers VALUES(602,'Pasquini','Bernardo','P2845');
INSERT INTO composers VALUES(603,'Peeters','Flor','P375');
INSERT INTO composers VALUES(604,'Penderecki','Krzysztof','P397');
INSERT INTO composers VALUES(605,'Pentland','Barbara','P419');
INSERT INTO composers VALUES(606,'Pepping','Ernst','P424');
INSERT INTO composers VALUES(607,'Pepusch','John Christopher','P421');
INSERT INTO composers VALUES(608,'Pergolesi','Giovanni Battista','P439');
INSERT INTO composers VALUES(609,'Perle','George','P451');
INSERT INTO composers VALUES(610,'Persichetti','Vincent','P466');
INSERT INTO composers VALUES(611,'Petrassi','Goffredo','P493');
INSERT INTO composers VALUES(612,'Pezel','Johann','P521');
INSERT INTO composers VALUES(613,'Pfitzner','Hans Erich','P529');
INSERT INTO composers VALUES(614,'Phillips','Burrill','P558');
INSERT INTO composers VALUES(615,'Pierné','Gabriel','P619');
INSERT INTO composers VALUES(616,'Pinkham','Daniel','P655');
INSERT INTO composers VALUES(617,'Piston','Walter','P679');
INSERT INTO composers VALUES(618,'Platti','Giovanni Benedetto','P719');
INSERT INTO composers VALUES(619,'Pleyel','Ignaz','P727');
INSERT INTO composers VALUES(620,'Plog','Anthony','P729');
INSERT INTO composers VALUES(621,'Poot','Marcel','P824');
INSERT INTO composers VALUES(622,'Porter','Quincy','P848');
INSERT INTO composers VALUES(623,'Poulenc','Francis','P874');
INSERT INTO composers VALUES(624,'Pousseur','Henri','P878');
INSERT INTO composers VALUES(625,'Powers','Anthony','P888');
INSERT INTO composers VALUES(626,'Praetorius','Jacob','P898');
INSERT INTO composers VALUES(627,'Praetorius','Johannes','P898');
INSERT INTO composers VALUES(628,'Praetorius','Michael','P898');
INSERT INTO composers VALUES(629,'Presser','William','P935');
INSERT INTO composers VALUES(630,'Previn','André','P944');
INSERT INTO composers VALUES(631,'Prévost','André','P944');
INSERT INTO composers VALUES(632,'Prokofiev','Sergey','P964');
INSERT INTO composers VALUES(633,'Puccini','Giacomo','P977');
INSERT INTO composers VALUES(634,'Pütz','Eduard','P977');
INSERT INTO composers VALUES(635,'Pugnani','Gaetano','P978');
INSERT INTO composers VALUES(636,'Pujol','Emilio','P9785');
INSERT INTO composers VALUES(637,'Pujol','Máximo Diego','P979');
INSERT INTO composers VALUES(638,'Purcell','Daniel','P9845');
INSERT INTO composers VALUES(639,'Purcell','Henry','P985');
INSERT INTO composers VALUES(640,'Quantz','Johann Joachim','Q15');
INSERT INTO composers VALUES(641,'Rachmaninoff','Sergei','R119');
INSERT INTO composers VALUES(642,'Raff','Joachim','R136');
INSERT INTO composers VALUES(643,'Rameau','Jean-Philippe','R171');
INSERT INTO composers VALUES(644,'Ran','Shulamit','R185');
INSERT INTO composers VALUES(645,'Rands','Bernard','R195');
INSERT INTO composers VALUES(646,'Raphael','Gunter','R217');
INSERT INTO composers VALUES(647,'Raphling','Sam','R2175');
INSERT INTO composers VALUES(648,'Ravel','Maurice','R252');
INSERT INTO composers VALUES(649,'Rawsthorne','Alan','R262');
INSERT INTO composers VALUES(650,'Read','Gardner','R282');
INSERT INTO composers VALUES(651,'Reda','Siegfried','R312');
INSERT INTO composers VALUES(652,'Reger','Max','R333');
INSERT INTO composers VALUES(653,'Reich','Steve','R347');
INSERT INTO composers VALUES(654,'Reicha','Anton','R348');
INSERT INTO composers VALUES(655,'Reicha','Joseph','R348');
INSERT INTO composers VALUES(656,'Reichardt','Johann Friedrich','R3485');
INSERT INTO composers VALUES(657,'Reimann','Aribert','R363');
INSERT INTO composers VALUES(658,'Reinecke','Carl','R366');
INSERT INTO composers VALUES(659,'Respighi','Ottorino','R434');
INSERT INTO composers VALUES(660,'Reutter','Hermann','R447');
INSERT INTO composers VALUES(661,'Revueltas','Silvestre','R454');
INSERT INTO composers VALUES(662,'Reynolds','Roger','R464');
INSERT INTO composers VALUES(663,'Reynolds','Verne','R465');
INSERT INTO composers VALUES(664,'Rheinberger','Josef','R469');
INSERT INTO composers VALUES(665,'Richter','Franz Xaver','R535');
INSERT INTO composers VALUES(666,'Ridout','Alan','R547');
INSERT INTO composers VALUES(667,'Riegger','Wallingford','R554');
INSERT INTO composers VALUES(668,'Ries','Ferdinand','R559');
INSERT INTO composers VALUES(669,'Rihm','Wolfgang','R572');
INSERT INTO composers VALUES(670,'Riisager','Knudage','R572');
INSERT INTO composers VALUES(671,'Riley','Terry','R573');
INSERT INTO composers VALUES(672,'Rimmer','John','R576');
INSERT INTO composers VALUES(673,'Rimsky-Korsakov','Nikolay','R577');
INSERT INTO composers VALUES(674,'Rinck','Christian H. (Christian Heinrich)','R579');
INSERT INTO composers VALUES(675,'Rivier','Jean','R625');
INSERT INTO composers VALUES(676,'Rochberg','George','R672');
INSERT INTO composers VALUES(677,'Rode','P. (Pierre)','R687');
INSERT INTO composers VALUES(678,'Rodrigo','Joaquíin','R696');
INSERT INTO composers VALUES(679,'Rodríguez Picó','Jesús','R6965');
INSERT INTO composers VALUES(680,'Roger-Ducasse','Jean','R722');
INSERT INTO composers VALUES(681,'Rogg','Lionel','R733');
INSERT INTO composers VALUES(682,'Rohlig','Harald','R738');
INSERT INTO composers VALUES(683,'Rolla','Alessandro','R749');
INSERT INTO composers VALUES(684,'Roman','Johan Helmich','R758');
INSERT INTO composers VALUES(685,'Romberg','Andreas','R761');
INSERT INTO composers VALUES(686,'Romberg','Bernhard','R762');
INSERT INTO composers VALUES(687,'Ropartz','Joseph Guy Marie','R784');
INSERT INTO composers VALUES(688,'Rore','Cipriano de','R786');
INSERT INTO composers VALUES(689,'Rorem','Ned','R787');
INSERT INTO composers VALUES(690,'Rosenberg','Hilding','R813');
INSERT INTO composers VALUES(691,'Rosenblatt','Alexander','R8135');
INSERT INTO composers VALUES(692,'Rosetti','Antonio','R817');
INSERT INTO composers VALUES(693,'Roslavets','Nikolai','R821');
INSERT INTO composers VALUES(694,'Rossini','Gioacchino','R835');
INSERT INTO composers VALUES(695,'Rouse','Christopher','R863');
INSERT INTO composers VALUES(696,'Roussel','Albert','R865');
INSERT INTO composers VALUES(697,'Rózsa','Miklós','R893');
INSERT INTO composers VALUES(698,'Rubbra','Edmund','R894');
INSERT INTO composers VALUES(699,'Rubinstein','Anton','R896');
INSERT INTO composers VALUES(700,'Ruders','Poul','R915');
INSERT INTO composers VALUES(701,'Ruggles','Carl','R932');
INSERT INTO composers VALUES(702,'Rust','Friedrich Wilhelm','R971');
INSERT INTO composers VALUES(703,'Rutini','Giovanni Marco','R977');
INSERT INTO composers VALUES(704,'Saint-Saëns','Camille','S152');
INSERT INTO composers VALUES(705,'Salieri','Antonio','S165');
INSERT INTO composers VALUES(706,'Sallinen','Aulis','S168');
INSERT INTO composers VALUES(707,'Sammartini','Giovanni Battista','S189');
INSERT INTO composers VALUES(708,'Sammartini','Giuseppe','S1895');
INSERT INTO composers VALUES(709,'Say','Fazil','S274');
INSERT INTO composers VALUES(710,'Satie','Erik','S253');
INSERT INTO composers VALUES(711,'Sauguet','Henri','S255');
INSERT INTO composers VALUES(712,'Scarlatti','Alessandro','S286');
INSERT INTO composers VALUES(713,'Scarlatti','Domenico','S2862');
INSERT INTO composers VALUES(714,'Scelsi','Giacinto','S289');
INSERT INTO composers VALUES(715,'Schäffer','Boguslaw','S294');
INSERT INTO composers VALUES(716,'Schafer','R. Murray','S296');
INSERT INTO composers VALUES(717,'Scheidt','Samuel','S318');
INSERT INTO composers VALUES(718,'Schein','Johann Hermann','S319');
INSERT INTO composers VALUES(719,'Schickele','Peter','S331');
INSERT INTO composers VALUES(720,'Schilling','Hans Ludwig','S334');
INSERT INTO composers VALUES(721,'Schmelzer','Johann Heinrich','S347');
INSERT INTO composers VALUES(722,'Schmitt','Florent','S355');
INSERT INTO composers VALUES(723,'Schneider','Georg Abraham','S358');
INSERT INTO composers VALUES(724,'Schneider','Enjott','S358');
INSERT INTO composers VALUES(725,'Schnittke','Alfred','S361');
INSERT INTO composers VALUES(726,'Schoeck','Othmar','S364');
INSERT INTO composers VALUES(727,'Schoenberg','Arnold','S365');
INSERT INTO composers VALUES(728,'Schoenfield','Paul','S3657');
INSERT INTO composers VALUES(729,'Schreker','Franz','S378');
INSERT INTO composers VALUES(730,'Schroeder','Hermann','S381');
INSERT INTO composers VALUES(731,'Schubert','Franz','S384');
INSERT INTO composers VALUES(732,'Schuller','Gunther','S386');
INSERT INTO composers VALUES(733,'Schulhoff','Erv''in','S386');
INSERT INTO composers VALUES(734,'Schütz','Heinrich','S385');
INSERT INTO composers VALUES(735,'Schumann','Camillo','S3915');
INSERT INTO composers VALUES(736,'Schumann','Georg','S3916');
INSERT INTO composers VALUES(737,'Schuman','William','S3918');
INSERT INTO composers VALUES(738,'Schumann','Clara','S3919');
INSERT INTO composers VALUES(739,'Schumann','Robert','S392');
INSERT INTO composers VALUES(740,'Schwartz','Elliott','S399');
INSERT INTO composers VALUES(741,'Schwartz','Stephen','S3995');
INSERT INTO composers VALUES(742,'Scriabin','Aleksandr Nikolayevich','S629');
INSERT INTO composers VALUES(743,'Sculthorpe','Peter','S437');
INSERT INTO composers VALUES(744,'Seeger','Ruth Crawford','S451');
INSERT INTO composers VALUES(745,'Serocki','Kazimierz','S486');
INSERT INTO composers VALUES(746,'Sessions','Roger','S493');
INSERT INTO composers VALUES(747,'Shapey','Ralph','S529');
INSERT INTO composers VALUES(748,'Shchedrin','Rodion Konstantinovich','S538');
INSERT INTO composers VALUES(749,'Shostakovich','Dmitrii Dmitrievich','S559');
INSERT INTO composers VALUES(750,'Sibelius','Jean','S563');
INSERT INTO composers VALUES(751,'Siegmeister','Elie','S5715');
INSERT INTO composers VALUES(752,'Sierra','Roberto','S572');
INSERT INTO composers VALUES(753,'Sitsky','Larry','S623');
INSERT INTO composers VALUES(754,'Sitt','Hans','Sitt');
INSERT INTO composers VALUES(755,'Skalkottas','Nikos','S626');
INSERT INTO composers VALUES(756,'Skolnik','Walter','S628');
INSERT INTO composers VALUES(757,'Scriabin','Aleksandr Nikolayevich','S629');
INSERT INTO composers VALUES(758,'Slonimskii','Sergei Mikhailovich','S634');
INSERT INTO composers VALUES(759,'Slonimsky','Nicolas','S634');
INSERT INTO composers VALUES(760,'Smetana','Bedrich','S638');
INSERT INTO composers VALUES(761,'Soler','Antonio','S684');
INSERT INTO composers VALUES(762,'Sondheim','Stephen','S698');
INSERT INTO composers VALUES(763,'Sor','Fernando','S714');
INSERT INTO composers VALUES(764,'Sousa','John Philip','S725');
INSERT INTO composers VALUES(765,'Sowerby','Leo','S731');
INSERT INTO composers VALUES(766,'Speer','Daniel','S742');
INSERT INTO composers VALUES(767,'Spohr','Louis','S762');
INSERT INTO composers VALUES(768,'Stamitz','Anton','S783');
INSERT INTO composers VALUES(769,'Stamitz','Johann','S7835');
INSERT INTO composers VALUES(770,'Stamitz','Karl','S7836');
INSERT INTO composers VALUES(771,'Stanford','Charles Villiers','S785');
INSERT INTO composers VALUES(772,'Stanley','John','S788');
INSERT INTO composers VALUES(773,'Starer','Robert','S795');
INSERT INTO composers VALUES(774,'Steffani','Agostino','S816');
INSERT INTO composers VALUES(775,'Stepan','Josef Antonin','S827');
INSERT INTO composers VALUES(776,'Stephan','Rudi','Stephan');
INSERT INTO composers VALUES(777,'Stevens','Halsey','S844');
INSERT INTO composers VALUES(778,'Stock','David','S864');
INSERT INTO composers VALUES(779,'Stockhausen','Karlheinz','S864');
INSERT INTO composers VALUES(780,'Stockmeier','Wolfgang','S865');
INSERT INTO composers VALUES(781,'Stölzel','Gottfried Heinrich','S872');
INSERT INTO composers VALUES(782,'Stout','Gordon','S889');
INSERT INTO composers VALUES(783,'Stradella','Alessandro','S895');
INSERT INTO composers VALUES(784,'Straus','Oscar','S911');
INSERT INTO composers VALUES(785,'Strauss','Christoph','S9111');
INSERT INTO composers VALUES(786,'Strauss','Eduard','S9113');
INSERT INTO composers VALUES(787,'Strauss','Franz','S9114');
INSERT INTO composers VALUES(788,'Strauss','Johann','S9115');
INSERT INTO composers VALUES(789,'Strauss','Johann','S9116');
INSERT INTO composers VALUES(790,'Strauss','Josef','S9118');
INSERT INTO composers VALUES(791,'Strauss','Richard','S912');
INSERT INTO composers VALUES(792,'Stravinsky','Igor','S913');
INSERT INTO composers VALUES(793,'Stravinsky','Soulima','S9134');
INSERT INTO composers VALUES(794,'Stroud','Richard','S924');
INSERT INTO composers VALUES(795,'Styne','Jule','S9381');
INSERT INTO composers VALUES(796,'Subotnick','Morton','S941');
INSERT INTO composers VALUES(797,'Suk','Josef','S948');
INSERT INTO composers VALUES(798,'Sullivan','Arthur','S949');
INSERT INTO composers VALUES(799,'Sutermeister','Heinrich','S965');
INSERT INTO composers VALUES(800,'Sweelinck','Jan Pieterszoon','S974');
INSERT INTO composers VALUES(801,'Sydeman','William','S982');
INSERT INTO composers VALUES(802,'Syl''vestrov','Valentyn Vasyl''ovych','S985');
INSERT INTO composers VALUES(803,'Szekely','Endre','S997');
INSERT INTO composers VALUES(804,'Szymanowski','Karol','S999');
INSERT INTO composers VALUES(805,'Tailleferre','Germaine','T132');
INSERT INTO composers VALUES(806,'Takács','Jeno','T136');
INSERT INTO composers VALUES(807,'Takemitsu','Toru','T136');
INSERT INTO composers VALUES(808,'Tallis','Thomas','T149');
INSERT INTO composers VALUES(809,'Talma','Louise','T151');
INSERT INTO composers VALUES(810,'Taneev','Aleksandr Sergeevich','T1635');
INSERT INTO composers VALUES(811,'Taneev','Sergei Ivanovich','T164');
INSERT INTO composers VALUES(812,'Tansman','Alexandre','T168');
INSERT INTO composers VALUES(813,'Tartini','Giuseppe','T195');
INSERT INTO composers VALUES(814,'Tate','Phyllis','T217');
INSERT INTO composers VALUES(815,'Tavener','John','T232');
INSERT INTO composers VALUES(816,'Taverner','John','T233');
INSERT INTO composers VALUES(817,'Tchaikovsky','Peter Ilich','C434');
INSERT INTO composers VALUES(818,'Tcherepnin','Alexander','C521');
INSERT INTO composers VALUES(819,'Tcherepnin','Nicolas','C5215');
INSERT INTO composers VALUES(820,'Tcherepnin','Ivan','T251');
INSERT INTO composers VALUES(821,'Telemann','Georg Philipp','T268');
INSERT INTO composers VALUES(822,'Thomson','Virgil','T485');
INSERT INTO composers VALUES(823,'Tippett','Michael','T595');
INSERT INTO composers VALUES(824,'Tomasi','Henri','T655');
INSERT INTO composers VALUES(825,'Torelli','Giuseppe','T678');
INSERT INTO composers VALUES(826,'Torke','Michael','T683');
INSERT INTO composers VALUES(827,'Tournemire','Charles','T728');
INSERT INTO composers VALUES(828,'Tower','Joan','T737');
INSERT INTO composers VALUES(829,'Trimble','Lester','T831');
INSERT INTO composers VALUES(830,'Tull','Fisher','T918');
INSERT INTO composers VALUES(831,'Turina','Joaquín','T938');
INSERT INTO composers VALUES(832,'Vaĭnberg','M. (Moiseĭ)','V131');
INSERT INTO composers VALUES(833,'Valen','Fartein','V152');
INSERT INTO composers VALUES(834,'Valentine','Robert','V159');
INSERT INTO composers VALUES(835,'Vanhal','Johann Baptist','W247');
INSERT INTO composers VALUES(836,'Vasks','Peteris','V334');
INSERT INTO composers VALUES(837,'Varèse','Edgard','V296');
INSERT INTO composers VALUES(838,'Vaughan Williams','Ralph','V3715');
INSERT INTO composers VALUES(839,'Veracini','Francesco Maria','V474');
INSERT INTO composers VALUES(840,'Verdi','Giuseppe','V484');
INSERT INTO composers VALUES(841,'Victoria','Tomás Luis de','V645');
INSERT INTO composers VALUES(842,'Vierne','Louis','V665');
INSERT INTO composers VALUES(843,'Vieuxtemps','Henri','V671');
INSERT INTO composers VALUES(844,'Villa-Lobos','Heitor','V714');
INSERT INTO composers VALUES(845,'Viotti','Giovanni Battista','V799');
INSERT INTO composers VALUES(846,'Vivaldi','Antonio','V855');
INSERT INTO composers VALUES(847,'Vogler','Georg Joseph','V883');
INSERT INTO composers VALUES(848,'Vranicky','Anton','W941');
INSERT INTO composers VALUES(849,'Wagenseil','Georg Christoph','W131');
INSERT INTO composers VALUES(850,'Wagner','Richard','W134');
INSERT INTO composers VALUES(851,'Wagner','Siegfried','W135');
INSERT INTO composers VALUES(852,'Wagner','Wolfram','W135');
INSERT INTO composers VALUES(853,'Walker','George','W179');
INSERT INTO composers VALUES(854,'Walther','Johann Gottfried','W237');
INSERT INTO composers VALUES(855,'Walton','William','W241');
INSERT INTO composers VALUES(856,'Wanhal','Johann Baptist','W247');
INSERT INTO composers VALUES(857,'Ward','Robert','W262');
INSERT INTO composers VALUES(858,'Ware','Peter','W271');
INSERT INTO composers VALUES(859,'Warlock','Peter','H584');
INSERT INTO composers VALUES(860,'Weber','Carl Maria von','W375');
INSERT INTO composers VALUES(861,'Weber','Reinhold','W3755');
INSERT INTO composers VALUES(862,'Webern','Anton','W377');
INSERT INTO composers VALUES(863,'Weill','Kurt','W422');
INSERT INTO composers VALUES(864,'Weinberger','Jaromir','W423');
INSERT INTO composers VALUES(865,'Weiner','Leó','W423');
INSERT INTO composers VALUES(866,'Weiner','Stanley','W423');
INSERT INTO composers VALUES(867,'Weingartner','Felix','W423');
INSERT INTO composers VALUES(868,'Weinzweig','John','W424');
INSERT INTO composers VALUES(869,'Weiss','Silvius Leopold','W432');
INSERT INTO composers VALUES(870,'Wellesz','Egon','W451');
INSERT INTO composers VALUES(871,'Wesley','Samuel','W514');
INSERT INTO composers VALUES(872,'Wesley','Samuel Sebastian','W5145');
INSERT INTO composers VALUES(873,'Widor','Charles Marie','W641');
INSERT INTO composers VALUES(874,'Widmann','Jörg','M641');
INSERT INTO composers VALUES(875,'Wieniawski','Henri','W647');
INSERT INTO composers VALUES(876,'Wilder','Alec','W673');
INSERT INTO composers VALUES(877,'Willan','Healey','W689');
INSERT INTO composers VALUES(878,'Williamson','Malcolm','W731');
INSERT INTO composers VALUES(879,'Wolf','Hugo','W855');
INSERT INTO composers VALUES(880,'Wolff','Christian','W855');
INSERT INTO composers VALUES(881,'Wolf-Ferrari','Ermanno','W855');
INSERT INTO composers VALUES(882,'Wolpe','Stefan','W866');
INSERT INTO composers VALUES(883,'Wranitzky','Anton','W941');
INSERT INTO composers VALUES(884,'Wranitzky','Paul','W941');
INSERT INTO composers VALUES(885,'Wuorinen','Charles','W966');
INSERT INTO composers VALUES(886,'Xenakis','Iannis','X5');
INSERT INTO composers VALUES(887,'Ysaye','Eugene','Y91');
INSERT INTO composers VALUES(888,'Yun','Isang','Y95');
INSERT INTO composers VALUES(889,'Zaimont','Judith Lang','Z21');
INSERT INTO composers VALUES(890,'Zechlin','Ruth','Z42');
INSERT INTO composers VALUES(891,'Zelenka','Johann Dismas','Z49');
INSERT INTO composers VALUES(892,'Zelter','Carl Friedrich','Z53');
INSERT INTO composers VALUES(893,'Zemlinsky','Alexander','Z535');
INSERT INTO composers VALUES(894,'Zimmermann','Anton','Z73');
INSERT INTO composers VALUES(895,'Zimmermann','Bernd Alois','Z735');
INSERT INTO composers VALUES(896,'Zwilich','Ellen Taaffe','Z98');
DELETE FROM sqlite_sequence;
INSERT INTO sqlite_sequence VALUES('composers',896);
COMMIT;
